[{"action":"ft_net_request","module":"ft_http","params":[{"comment":"post/get","name":"method"},{"comment":"请求url，包含了scheme,host,port,path。上报这个，下面4个可不用","name":"url"},{"comment":"请求总耗时","name":"duration"},{"comment":"请求结果，0成功，1失败，2取消","name":"result"},{"comment":"当前请求最后一次转发流程的HTTP状态码（如果有）","name":"code"},{"comment":"失败原因","name":"reason"}],"timing":"Http请求成功率\n网络请求的各个阶段的耗时统计"},{"action":"pay_fake_page","module":"pay_fake_page","params":[{"comment":"show/quit/continue，行为","name":"type"},{"comment":"GP/UPI/merchant，google play支付/sdk支付/币商","name":"pay_type"},{"comment":"upi/bank，币商支付方式：upi/银行","name":"merchant_offer"},{"comment":" 充值金额","name":"content"},{"comment":"商品id","name":"product_id"},{"comment":"币商id","name":"merchant_id"}],"timing":"支付假页面曝光\n点击continue创单时所选的支付方式\n当支付方式选择币商，上报子参币商支付方式和币商id"},{"action":"test_bi_event","module":"test","params":[{"comment":"pro,livmet","name":"from"},{"comment":"value","name":"key"},{"comment":"测试下，后面删除","name":"test11"}],"timing":"测试自动生成埋点上报逻辑"},{"action":"match_page","module":"match","params":[{"comment":"show/match_bt，行为：曝光/点击速配按钮","name":"event_action"},{"comment":"Young/Mature/Busty/Exciting/default，标签：Young/Mature/Busty/Exciting/无","name":"tag"}],"timing":"点击速配按钮→匹配页面"},{"action":"match_connect_page","module":"match","params":[{"comment":"连接等待时长","name":"connecting_time"},{"comment":"Young/Mature/Busty/Exciting/default，标签：Young/Mature/Busty/Exciting/无","name":"tag"},{"comment":"close","name":"event_action"},{"comment":"对方uid","name":"target_uid"},{"comment":"通话打点链路标识","name":"call_tag_id"},{"comment":"视频通话打点中的通道号","name":"chat_id"}],"timing":"匹配成功。匹配页面→连接页面；连接页面→其他页面"},{"action":"match_call_end","module":"match","params":[{"comment":"对方uid","name":"target_uid"},{"comment":"通话时长","name":"call_time"},{"comment":"Young/Mature/Busty/Exciting/default，标签：Young/Mature/Busty/Exciting/无","name":"tag"},{"comment":"通话打点链路标识","name":"call_tag_id"},{"comment":"视频通话打点中的通道号","name":"chat_id"}],"timing":"速配房间页面→其他页面"},{"action":"fake_match_page","module":"fake_match","params":[{"comment":"show/match_bt，行为：曝光/点击速配按钮","name":"event_action"},{"comment":"unpay_user/pay_user，角色：未付费用户/付费用户","name":"role"}],"timing":""},{"action":"fake_match_list_page","module":"fake_match","params":[{"comment":"show/like/skip，行为：曝光/点击爱心按钮/跳过","name":"event_action"},{"comment":"unpay_user/pay_user，角色：未付费用户/付费用户","name":"role"}],"timing":""},{"action":"fake_match_call_page","module":"fake_match","params":[{"comment":"show/accept/reject，行为：曝光/接听/拒绝","name":"event_action"},{"comment":"unpay_user/pay_user，角色：未付费用户/付费用户","name":"role"}],"timing":""},{"action":"fake_match_connect_page","module":"fake_match","params":[{"comment":"show，行为：曝光","name":"event_action"},{"comment":"连接等待时长","name":"connecting_time"}],"timing":""}]