[{"action":"match_search_page","module":"match","params":[{"comment":"show/sign_out","name":"event_action"},{"comment":"exit_button/auto_exit/connect/other，退出方式：点击退出按钮/自动退出/进入连接页面/其他方式","name":"sign_out"},{"comment":"anchor/unpay_user/pay_user，角色：主播/未付费用户/付费用户","name":"role"},{"comment":"等待时长","name":"match_wait_time"}],"timing":"匹配页面→其他页面"},{"action":"match_connect_page","module":"match","params":[{"comment":"show/sign_out","name":"event_action"},{"comment":"auto_exit/enter_room/other，退出方式：自动退出/进房/其他方式","name":"sign_out"},{"comment":"anchor/unpay_user/pay_user，角色：主播/未付费用户/付费用户","name":"role"},{"comment":"对方uid","name":"target_uid"},{"comment":"连接等待时长","name":"connecting_time"},{"comment":"通话打点链路标识","name":"call_tag_id"},{"comment":"视频通话打点中的通道号","name":"chat_id"}],"timing":"匹配成功，\n匹配页面→连接页面\n连接页面→其他页面"},{"action":"match_choose_page","module":"match","params":[{"comment":"show/continue/next，行为：曝光/点击继续/点击切换","name":"event_action"},{"comment":"对方uid","name":"target_uid"},{"comment":"unpay_user/pay_user，角色：未付费用户/付费用户","name":"role"},{"comment":"通话打点链路标识","name":"call_tag_id"},{"comment":"视频通话打点中的通道号","name":"chat_id"}],"timing":"点击选择弹框按钮"},{"action":"match_history_page","module":"match","params":[{"comment":"show/enter_personal_page/call，行为：曝光/点击/进资料页/呼叫","name":"event_action"},{"comment":"anchor/unpay_user/pay_user，角色：主播/未付费用户/付费用户","name":"role"},{"comment":"对方uid","name":"target_uid"}],"timing":"点击进入速配记录"},{"action":"new_user_free_gem_page","module":"new_user_freegem","params":[{"comment":"show/close/continue，行为：曝光/点击继续/关闭弹框","name":"event_action"},{"comment":"弹框延迟时间（单位s）","name":"delay_time"}],"timing":"点击新用户送宝石页面"},{"action":"login_upi_scan","module":"login_upi_scan","params":[{"comment":"1/0，1：有列表中有效的支付包，0：无列表中有效的支付包","name":"status"},{"comment":"所有已安装并且已经绑卡的upi包名列表，逗号分隔如果status","name":"result"},{"comment":"1/2，1：启动应用，0：进去首页列表","name":"from"}],"timing":"上报时机：\n1，应用启动（可能未登陆）\n2，进入主页都有上报（登陆后已经会进入首页）\n如果1用户已经登陆，2是不会上报的"},{"action":"match_call_show","module":"match","params":[{"comment":"anchor/unpay_user/pay_user，角色：主播/未付费用户/付费用户","name":"role"},{"comment":"对方uid","name":"target_uid"},{"comment":"通话打点链路标识","name":"call_tag_id"},{"comment":"视频通话打点中的通道号","name":"chat_id"}],"timing":"连接成功，连接页面→速配房间页面"},{"action":"match_call_end","module":"match","params":[{"comment":"match_next /match_exit/match_no_enough_gems/match_time_out/other，入口：（Skip to next 或者 右下角箭头跳过）/速配电话页面-关闭/速配超时/余额不足1min自动退出/其他","name":"from"},{"comment":"1/2/3，速配阶段：1/2/3","name":"match_stage"},{"comment":"通话时长","name":"call_time"},{"comment":"对方uid","name":"target_uid"},{"comment":"宝石余额","name":"gem_balance"},{"comment":"success/failed，通话结束前充值是否成功","name":"recharge_action"},{"comment":"1/2，1：余额足够，2：余额不足","name":"is_enough"},{"comment":"unpay_user/pay_user，角色：未付费用户/付费用户","name":"role"},{"comment":"通话打点链路标识","name":"call_tag_id"},{"comment":"视频通话打点中的通道号","name":"chat_id"}],"timing":"速配房间页面→其他页面"},{"action":"tip_less_than_1min","module":"match","params":[{"comment":"show，行为：曝光","name":"event_action"},{"comment":"success/failed，通话结束前充值是否成功","name":"recharge_action"},{"comment":"unpay_user/pay_user，角色：未付费用户/付费用户","name":"role"},{"comment":"对方uid","name":"target_uid"},{"comment":"通话打点链路标识","name":"call_tag_id"},{"comment":"视频通话打点中的通道号","name":"chat_id"}],"timing":"点击不足1min提示"},{"action":"inbox_gift","module":"send_gift","params":[{"comment":"im/calling/match，场景：im/calling/match","name":"scene"},{"comment":"true/false，true：显示，false：不显示","name":"visible"},{"comment":"对方uid","name":"target_uid"},{"comment":"通话id","name":"channelId"},{"comment":"unpay_user/pay_user，角色：未付费用户/付费用户","name":"role"}],"timing":"显示礼物面板"},{"action":"send_gift","module":"send_gift","params":[{"comment":"礼物id","name":"gift_id"},{"comment":"im/calling/match，场景：im/calling/match","name":"scene"},{"comment":"对方uid","name":"targetId"},{"comment":"true/false，true：余额充足，false：余额不足","name":"is_enough"},{"comment":"礼物金额","name":"coin"},{"comment":"后端回调的状态码","name":"status"},{"comment":"接口异常信息","name":"error"},{"comment":"通话id","name":"channelId"},{"comment":"unpay_user/pay_user","name":"role"},{"comment":"进入im页或者通话页生成","name":"tag"},{"comment":"送礼成功后的记录id","name":"record_id"},{"comment":"gift_panel/im_guide","name":"sub_scene"}],"timing":"点击送礼"},{"action":"connect_page","module":"match","params":[{"comment":"","name":"connect_exit"}],"timing":"跳出连接页面"},{"action":"match_page","module":"match","params":[{"comment":"show/recharge/match_bt/history，行为：曝光/点击页面充值入口/速配按钮/历史页","name":"event_action"},{"comment":"anchor/unpay_user/pay_user，角色：主播/未付费用户/付费用户","name":"role"}],"timing":"点击速配按钮→匹配页面"},{"action":"gem_charge","module":"recharge_gem","params":[{"comment":"1/2 是/否支付成功","name":"status"},{"comment":" 充值金额","name":"content"},{"comment":" 1/2 是/否是首充（一个did只能首充一次）","name":"is_once "},{"comment":" 支付场景","name":"pay_scene "},{"comment":" 对方uid","name":"ext0 "},{"comment":" 页面id","name":"record "},{"comment":" 充值前余额","name":"pre_pay_coins "},{"comment":" 是否是首次支付","name":"is_first_pay "}],"timing":"用户充值后，上报充值相关参数"},{"action":"match_switch_click","module":"match","params":[{"comment":"open/close，行为","name":"event_action"}],"timing":"主播端，match开关的两种状态"},{"action":"match_ball","module":"match","params":[{"comment":"click，行为","name":"event_action"}],"timing":"主播端点击悬浮球，拖动不算"},{"action":"merchant_page","module":"merchant","params":[{"comment":"page_show","name":"event_action"}],"timing":"币商IM页面的曝光pv、uv"},{"action":"merchant_im_page","module":"merchant","params":[{"comment":"show/upload_screenshot","name":"event_action"},{"comment":"pass/fail","name":"check_result"},{"comment":"success/fail/other","name":"status"}],"timing":"币商IM页面的曝光pv、uv\n截图审核结果\n以及再次传图的操作和结果"},{"action":"match_continue","module":"match","params":[{"comment":"通话id","name":"chat_id"},{"comment":"通话打点链路标识","name":"call_tag_id"},{"comment":"对方uid","name":"target_uid"},{"comment":"success /failure/exception，状态：成功/失败/异常","name":"status"},{"comment":"异常信息","name":"msg"}],"timing":"从第二阶段进第三阶段，上报网络情况"},{"action":"pay_fake_page","module":"pay_fake_page","params":[{"comment":"show/quit/continue，行为","name":"type"},{"comment":"GP/UPI/merchant，google play支付/sdk支付/币商","name":"pay_type"},{"comment":"upi/bank，币商支付方式：upi/银行","name":"merchant_offer"},{"comment":" 充值金额","name":"content"},{"comment":"订单id","name":"order_id"},{"comment":"商品id","name":"product_id"},{"comment":"币商id","name":"merchant_id"}],"timing":"支付假页面曝光\n点击continue创单时所选的支付方式\n当支付方式选择币商，上报子参币商支付方式和币商id"}]